<?xml version="1.0" encoding="utf-8"?>
<feed xmlns="http://www.w3.org/2005/Atom"><title>Penguins! - TCMG 41 Group 6</title><link href="%20/" rel="alternate"></link><link href="%20/feeds/tcmg-41-group-6.atom.xml" rel="self"></link><id> /</id><updated>2021-01-26T00:00:00-05:00</updated><entry><title>All About Pengins</title><link href="%20/all-about-pengins.html" rel="alternate"></link><published>2021-01-26T00:00:00-05:00</published><updated>2021-01-26T00:00:00-05:00</updated><author><name>TCMG 41 Group 6</name></author><id>tag:None,2021-01-26: /all-about-pengins.html</id><summary type="html">&lt;p&gt;Penguins are aquatic birds that primarily live in the southern hemisphere, with only one species presiding north of the equator. Penguins find nutrition by consuming fish, krill, squid, and other small sea creatures. &lt;/p&gt;
&lt;p&gt;The word penguin was first documented in the 16th century in reference to an old species Pinguinus …&lt;/p&gt;</summary><content type="html">&lt;p&gt;Penguins are aquatic birds that primarily live in the southern hemisphere, with only one species presiding north of the equator. Penguins find nutrition by consuming fish, krill, squid, and other small sea creatures. &lt;/p&gt;
&lt;p&gt;The word penguin was first documented in the 16th century in reference to an old species Pinguinus that no longer exists. European explorers came across the southern penguins, they used their word for their northern species. &lt;/p&gt;</content></entry><entry><title>Penguin Conservation Efforts</title><link href="%20/penguin-conservation-efforts.html" rel="alternate"></link><published>2021-01-26T00:00:00-05:00</published><updated>2021-01-26T00:00:00-05:00</updated><author><name>TCMG 41 Group 6</name></author><id>tag:None,2021-01-26: /penguin-conservation-efforts.html</id><summary type="html">&lt;p&gt;There are conservation efforts for penguins across the globe, but the primary worldwide organization dedicated to saving penguins and their natural environments is Global Penguin Society.&lt;/p&gt;
&lt;p&gt;GPS prioritizes Science, Education, and local Management to work on saving and continuing the growth of penguin species.&lt;/p&gt;
&lt;p&gt;GPS is benefitted 2.4 million …&lt;/p&gt;</summary><content type="html">&lt;p&gt;There are conservation efforts for penguins across the globe, but the primary worldwide organization dedicated to saving penguins and their natural environments is Global Penguin Society.&lt;/p&gt;
&lt;p&gt;GPS prioritizes Science, Education, and local Management to work on saving and continuing the growth of penguin species.&lt;/p&gt;
&lt;p&gt;GPS is benefitted 2.4 million penguins by improving management of their environment and protected areas, covering around 32 million acres of marine and costal area!&lt;/p&gt;</content></entry><entry><title>Species of Penguin</title><link href="%20/species-of-penguin.html" rel="alternate"></link><published>2021-01-25T00:00:00-05:00</published><updated>2021-01-25T00:00:00-05:00</updated><author><name>TCMG 41 Group 6</name></author><id>tag:None,2021-01-25: /species-of-penguin.html</id><summary type="html">&lt;p&gt;Penguin Species Across the Globe&lt;/p&gt;
&lt;p&gt;*The largest species of penguin is the emperor penguin, which grows up to about 3ft+ in height, and more than 70 lbs on average.The emporor penguin is located in Antartica and primarily eat fish and small crustaceans. They can remain submerged around 20 minutes …&lt;/p&gt;</summary><content type="html">&lt;p&gt;Penguin Species Across the Globe&lt;/p&gt;
&lt;p&gt;*The largest species of penguin is the emperor penguin, which grows up to about 3ft+ in height, and more than 70 lbs on average.The emporor penguin is located in Antartica and primarily eat fish and small crustaceans. They can remain submerged around 20 minutes, up to a depth of 1,750 feet.&lt;/p&gt;
&lt;p&gt;*The smallest species of penguin belong to the genus Eudyptula which is split into two species, Eudyptula minor and Eudyptula novaehollandiae. These penguins are found in Tasmania, New Zealand, and southern Australia. These penguin species are nicknamed little penguin and fairy penguin, respectively. They grow to an average of 13 in in height and weigh about 3.5 lbs. &lt;/p&gt;
&lt;p&gt;*There are currently 18 known species of Penguin!&lt;/p&gt;</content></entry></feed>