<?xml version="1.0" encoding="utf-8"?>
<rss version="2.0"><channel><title>Penguins! - TCMG 41 Group 6</title><link>%20/</link><description></description><lastBuildDate>Tue, 26 Jan 2021 00:00:00 -0500</lastBuildDate><item><title>All About Pengins</title><link>%20/all-about-pengins.html</link><description>&lt;p&gt;Penguins are aquatic birds that primarily live in the southern hemisphere, with only one species presiding north of the equator. Penguins find nutrition by consuming fish, krill, squid, and other small sea creatures. &lt;/p&gt;
&lt;p&gt;The word penguin was first documented in the 16th century in reference to an old species Pinguinus …&lt;/p&gt;</description><dc:creator xmlns:dc="http://purl.org/dc/elements/1.1/">TCMG 41 Group 6</dc:creator><pubDate>Tue, 26 Jan 2021 00:00:00 -0500</pubDate><guid isPermaLink="false">tag:None,2021-01-26: /all-about-pengins.html</guid></item><item><title>Penguin Conservation Efforts</title><link>%20/penguin-conservation-efforts.html</link><description>&lt;p&gt;There are conservation efforts for penguins across the globe, but the primary worldwide organization dedicated to saving penguins and their natural environments is Global Penguin Society.&lt;/p&gt;
&lt;p&gt;GPS prioritizes Science, Education, and local Management to work on saving and continuing the growth of penguin species.&lt;/p&gt;
&lt;p&gt;GPS is benefitted 2.4 million …&lt;/p&gt;</description><dc:creator xmlns:dc="http://purl.org/dc/elements/1.1/">TCMG 41 Group 6</dc:creator><pubDate>Tue, 26 Jan 2021 00:00:00 -0500</pubDate><guid isPermaLink="false">tag:None,2021-01-26: /penguin-conservation-efforts.html</guid></item><item><title>Species of Penguin</title><link>%20/species-of-penguin.html</link><description>&lt;p&gt;Penguin Species Across the Globe&lt;/p&gt;
&lt;p&gt;*The largest species of penguin is the emperor penguin, which grows up to about 3ft+ in height, and more than 70 lbs on average.The emporor penguin is located in Antartica and primarily eat fish and small crustaceans. They can remain submerged around 20 minutes …&lt;/p&gt;</description><dc:creator xmlns:dc="http://purl.org/dc/elements/1.1/">TCMG 41 Group 6</dc:creator><pubDate>Mon, 25 Jan 2021 00:00:00 -0500</pubDate><guid isPermaLink="false">tag:None,2021-01-25: /species-of-penguin.html</guid></item></channel></rss>